INSERT INTO categorias (id, nombre_categoria)
VALUES
(1, 'Fresh Produce'),

(2, 'Dairy & Eggs'),

(3, 'Meat & Seafood'),

(4, 'Pantry Essentials'),

(5, 'Snacks & Beverages'),

(6, 'Bakery & Pastries');

INSERT INTO productos (nombre, overview, descripcion, datos_adicionales, categorias, link_imagen1, link_imagen2, link_imagen3, precio_antes_descuento, precio_despues_descuento, stock_disponible)
VALUES
('Platano chiapas por kilo en penca', 'Platano chiapaneco fresco y natural', 'Disfruta del sabor dulce y natural del platano chiapas en penca, perfecto para tus comidas y postres.', 'Por Kilo', 1, 'https://i5.walmartimages.com.mx/gr/images/product-images/img_large/00000000004011L2.jpg?odnHeight=612&odnWidth=612&odnBg=FFFFFF', 'https://i5.walmartimages.com.mx/gr/images/product-images/img_large/00000000004011L1.jpg?odnHeight=612&odnWidth=612&odnBg=FFFFFF', 'https://i5.walmartimages.com.mx/gr/images/product-images/img_large/00000000004011L3.jpg?odnHeight=612&odnWidth=612&odnBg=FFFFFF', 31.9, 27.9, 100),
('Jitomate saladet por kilo', 'Jitomate saladet fresco y jugoso', 'Ideal para ensaladas, salsas o guisados. Este jitomate ofrece frescura y un gran sabor.', 'Por Kilo', 1, 'https://i5.walmartimages.com.mx/gr/images/product-images/img_large/00000000004087L.jpg?odnHeight=612&odnWidth=612&odnBg=FFFFFF', 'https://i5.walmartimages.com.mx/gr/images/product-images/img_large/00000000004087L1.jpg?odnHeight=612&odnWidth=612&odnBg=FFFFFF', 'https://i5.walmartimages.com.mx/gr/images/product-images/img_large/00000000004087L3.jpg?odnHeight=612&odnWidth=612&odnBg=FFFFFF', 38.9, 20.0, 100),
('Zanahoria por kilo', 'Zanahorias crujientes y frescas', 'Excelente fuente de vitaminas y minerales, perfectas para ensaladas, jugos o guisados.', 'Por Kilo', 1, 'https://i5.walmartimages.com.mx/gr/images/product-images/img_large/00000000004094L.jpg?odnHeight=612&odnWidth=612&odnBg=FFFFFF', 'https://i5.walmartimages.com.mx/gr/images/product-images/img_large/00000000004094L1.jpg?odnHeight=612&odnWidth=612&odnBg=FFFFFF', 'https://i5.walmartimages.com.mx/gr/images/product-images/img_large/00000000004094L3.jpg?odnHeight=612&odnWidth=612&odnBg=FFFFFF', 39.5, 24.5, 100),
('Papa blanca alfa por kilo', 'Papa blanca versatil y deliciosa', 'Papa blanca ideal para freir, hornear o cocer. Gran aporte de energia y sabor.', 'Por Kilo', 1, 'https://i5.walmartimages.com.mx/gr/images/product-images/img_large/00000000004083L.jpg?odnHeight=612&odnWidth=612&odnBg=FFFFFF', 'https://i5.walmartimages.com.mx/gr/images/product-images/img_large/00000000004083L1.jpg?odnHeight=612&odnWidth=612&odnBg=FFFFFF', 'https://i5.walmartimages.com.mx/gr/images/product-images/img_large/00000000004083L3.jpg?odnHeight=612&odnWidth=612&odnBg=FFFFFF', 50, 48.9, 100),
('Pepino por kilo', 'Pepino fresco y jugoso', 'Perfecto para ensaladas, jugos y snacks saludables. Rico en agua y bajo en calorias.', 'Por Kilo', 1, 'https://i5.walmartimages.com.mx/gr/images/product-images/img_large/00000000004062L.jpg?odnHeight=612&odnWidth=612&odnBg=FFFFFF', 'https://i5.walmartimages.com.mx/gr/images/product-images/img_large/00000000004062L1.jpg?odnHeight=612&odnWidth=612&odnBg=FFFFFF', 'https://i5.walmartimages.com.mx/gr/images/product-images/img_large/00000000004062L3.jpg?odnHeight=612&odnWidth=612&odnBg=FFFFFF', 44.9, 39.9, 100),
('Calabaza japonesa por kilo', 'Calabaza japonesa fresca y saludable', 'Gran fuente de fibra y vitaminas, ideal para platillos al vapor, guisados o asados.', 'Por Kilo', 1, 'https://i5.walmartimages.com.mx/gr/images/product-images/img_large/00000000004067L.jpg?odnHeight=612&odnWidth=612&odnBg=FFFFFF', 'https://i5.walmartimages.com.mx/gr/images/product-images/img_large/00000000004067L1.jpg?odnHeight=612&odnWidth=612&odnBg=FFFFFF', 'https://i5.walmartimages.com.mx/gr/images/product-images/img_large/00000000004067L2.jpg?odnHeight=612&odnWidth=612&odnBg=FFFFFF', 50, 45, 100),
('Limon sin semilla por kilo', 'Limon sin semilla jugoso y aromatico', 'Ideal para salsas, jugos o como complemento en platillos. Su sabor y aroma son incomparables.', 'Por Kilo', 1, 'https://i5.walmartimages.com.mx/gr/images/product-images/img_large/00000000004048L.jpg?odnHeight=612&odnWidth=612&odnBg=FFFFFF', 'https://i5.walmartimages.com.mx/gr/images/product-images/img_large/00000000004048L1.jpg?odnHeight=612&odnWidth=612&odnBg=FFFFFF', 'https://i5.walmartimages.com.mx/gr/images/product-images/img_large/00000000004048L2.jpg?odnHeight=612&odnWidth=612&odnBg=FFFFFF', 65, 61, 100),
('Jicama por kilo', 'Jicama crujiente y refrescante', 'Perfecta como snack o complemento en ensaladas. Rica en agua y baja en calorias.', 'Por Kilo', 1, 'https://i5.walmartimages.com.mx/gr/images/product-images/img_large/00000000004626L.jpg?odnHeight=612&odnWidth=612&odnBg=FFFFFF', 'https://i5.walmartimages.com.mx/gr/images/product-images/img_large/00000000004626L1.jpg?odnHeight=612&odnWidth=612&odnBg=FFFFFF', 'https://i5.walmartimages.com.mx/gr/images/product-images/img_large/00000000004626L3.jpg?odnHeight=612&odnWidth=612&odnBg=FFFFFF', 45, 40, 100),
('Cebolla Blanca por kilo', 'Cebolla blanca fresca y sabrosa', 'Excelente para todo tipo de platillos, desde salsas hasta guisos, aporta gran sabor.', 'Por Kilo', 1, 'https://i5.walmartimages.com.mx/gr/images/product-images/img_large/00000000004663L.jpg?odnHeight=612&odnWidth=612&odnBg=FFFFFF', 'https://i5.walmartimages.com.mx/gr/images/product-images/img_large/00000000004663L1.jpg?odnHeight=612&odnWidth=612&odnBg=FFFFFF', 'https://i5.walmartimages.com.mx/gr/images/product-images/img_large/00000000004663L3.jpg?odnHeight=612&odnWidth=612&odnBg=FFFFFF', 60, 48, 100),
('Cilantro por pieza', 'Cilantro fresco y aromatico', 'Ideal para darle frescura y sabor a tus platillos, desde ensaladas hasta guisados.', 'Por Pieza', 1, 'https://i5.walmartimages.com.mx/gr/images/product-images/img_large/00000000004889L.jpg?odnHeight=612&odnWidth=612&odnBg=FFFFFF', 'https://i5.walmartimages.com.mx/gr/images/product-images/img_large/00000000004889L1.jpg?odnHeight=612&odnWidth=612&odnBg=FFFFFF', 'https://i5.walmartimages.com.mx/gr/images/product-images/img_large/00000000004889L3.jpg?odnHeight=612&odnWidth=612&odnBg=FFFFFF', 60, 48, 100),
('Pan Bimbo Integral', 'Pan de Caja Binbo Integral 620 g', 'Acompaña tus desayunos o comidas con el Pan Integral Bimbo, ahora con una receta nueva', 'Porción de 620g', 6, 'https://i5-mx.walmartimages.com/samsmx/images/product-images/img_large/981013168l.jpg?odnHeight=612&odnWidth=612&odnBg=FFFFFF?odnHeight=612&odnWidth=612&odnBg=FFFFFF', 'https://i5-mx.walmartimages.com/samsmx/images/product-images/img_large/981013168-1l.jpg?odnHeight=612&odnWidth=612&odnBg=FFFFFF?odnHeight=612&odnWidth=612&odnBg=FFFFFF', 'https://i5-mx.walmartimages.com/samsmx/images/product-images/img_large/981013168-2l.jpg?odnHeight=612&odnWidth=612&odnBg=FFFFFF?odnHeight=612&odnWidth=612&odnBg=FFFFFF', 50.00, 46.03, 100),
('Harina de Trigo Escudo Anaya', 'Harina de Trigo Escudo Anaya Extra Fina', 'Lleva a la práctica cada una de las recetas de postres que tienes en mente, no dejes de agregar a tu despensa la calidad de la harina de trigo de Escudo Anaya.', '10 pzas de 1kg', 6, 'https://i5-mx.walmartimages.com/samsmx/images/product-images/img_large/000118712-3l.jpg?odnHeight=612&odnWidth=612&odnBg=FFFFFF?odnHeight=612&odnWidth=612&odnBg=FFFFFF', 'https://i5-mx.walmartimages.com/samsmx/images/product-images/img_large/000118712-1l.jpg?odnHeight=612&odnWidth=612&odnBg=FFFFFF?odnHeight=612&odnWidth=612&odnBg=FFFFFF', 'https://i5-mx.walmartimages.com/samsmx/images/product-images/img_large/000118712-2l.jpg?odnHeight=612&odnWidth=612&odnBg=FFFFFF?odnHeight=612&odnWidth=612&odnBg=FFFFFF', 250.00, 225.06, 40),
('Bolillo', 'Bolillo Members Mark', '¡Crujiente por fuera y suave por dentro!', '10 pzas', 6, 'https://i5-mx.walmartimages.com/samsmx/images/product-images/img_large/000374357l.jpg?odnHeight=612&odnWidth=612&odnBg=FFFFFF?odnHeight=612&odnWidth=612&odnBg=FFFFFF', 'https://i5-mx.walmartimages.com/samsmx/images/product-images/img_large/000374357-1l.jpg?odnHeight=612&odnWidth=612&odnBg=FFFFFF?odnHeight=612&odnWidth=612&odnBg=FFFFFF', 'https://i5-mx.walmartimages.com/samsmx/images/product-images/img_large/000374357-2l.jpg?odnHeight=612&odnWidth=612&odnBg=FFFFFF?odnHeight=612&odnWidth=612&odnBg=FFFFFF', 30.00, 24.55, 2000),
('Bollos', 'Bollos para Hamburguesa Members Mark', '¡Prepara las mejores Hamburguesas!', '675g', 6, 'https://i5-mx.walmartimages.com/samsmx/images/product-images/img_large/980015140l.jpg?odnHeight=612&odnWidth=612&odnBg=FFFFFF?odnHeight=612&odnWidth=612&odnBg=FFFFFF', 'https://i5-mx.walmartimages.com/samsmx/images/product-images/img_large/980015140-1l.jpg?odnHeight=612&odnWidth=612&odnBg=FFFFFF?odnHeight=612&odnWidth=612&odnBg=FFFFFF', 'https://i5-mx.walmartimages.com/samsmx/images/product-images/img_large/980015140-1l.jpg?odnHeight=612&odnWidth=612&odnBg=FFFFFF?odnHeight=612&odnWidth=612&odnBg=FFFFFF', 80.00, 64.44, 150),
('Bollos Rellenos de Queso', 'Bollos Rellenos de Queso Members Mark', 'Prueba los deliciosos bollos  rellenos de queso crema que tenemos para ti, comparte con tu familia y amigos este bocadillo que no puede faltar en todas tus reuniones.', '16 pzas', 6, 'https://i5-mx.walmartimages.com/samsmx/images/product-images/img_large/000254246l.jpg?odnHeight=612&odnWidth=612&odnBg=FFFFFF?odnHeight=612&odnWidth=612&odnBg=FFFFFF', 'https://i5-mx.walmartimages.com/samsmx/images/product-images/img_large/000254246-1l.jpg?odnHeight=612&odnWidth=612&odnBg=FFFFFF?odnHeight=612&odnWidth=612&odnBg=FFFFFF', 'https://i5-mx.walmartimages.com/samsmx/images/product-images/img_large/000254246-2l.jpg?odnHeight=612&odnWidth=612&odnBg=FFFFFF?odnHeight=612&odnWidth=612&odnBg=FFFFFF', 150.00, 121.74, 150),
('Pan Pita', 'Pan Pita Libanius Integral', 'Al elegir Pan Pita Integral Libanius, estás optando por un alimento que contiene fibra, que es bajo en grasas saturadas y está lleno de sabor.', '1.1 kg', 6, 'https://i5-mx.walmartimages.com/samsmx/images/product-images/img_large/000707558l.jpg?odnHeight=612&odnWidth=612&odnBg=FFFFFF?odnHeight=612&odnWidth=612&odnBg=FFFFFF', 'https://i5-mx.walmartimages.com/samsmx/images/product-images/img_large/000707558-1l.jpg?odnHeight=612&odnWidth=612&odnBg=FFFFFF?odnHeight=612&odnWidth=612&odnBg=FFFFFF', 'https://i5-mx.walmartimages.com/samsmx/images/product-images/img_large/000707558-2l.jpg?odnHeight=612&odnWidth=612&odnBg=FFFFFF?odnHeight=612&odnWidth=612&odnBg=FFFFFF', 115.00, 101.27, 250),
('Baguette', 'Baguette Reposada', 'Nuestra Baguette Reposada cuenta con una receta excepcional, elaborada con Masa Madre a través de un proceso artesanal y tradicional, que le brinda un sabor extraordinario al pan por su fermentación natural.', '2 pzas', 6, 'https://i5-mx.walmartimages.com/samsmx/images/product-images/img_large/980016677l.jpg?odnHeight=612&odnWidth=612&odnBg=FFFFFF?odnHeight=612&odnWidth=612&odnBg=FFFFFF', 'https://i5-mx.walmartimages.com/samsmx/images/product-images/img_large/980016677-1l.jpg?odnHeight=612&odnWidth=612&odnBg=FFFFFF?odnHeight=612&odnWidth=612&odnBg=FFFFFF', 'https://i5-mx.walmartimages.com/samsmx/images/product-images/img_large/980016677-2l.jpg?odnHeight=612&odnWidth=612&odnBg=FFFFFF?odnHeight=612&odnWidth=612&odnBg=FFFFFF', 70.00, 60.35, 1500),
('Donitas Espolvoreadas', 'Donitas Espolvoreadas Bimbo', 'Sumérgete en la dulce tentación y descubre un mundo de placer con nuestras exquisitas donitas espolvoreadas Bimbo que despiertan tus sentidos, sacia tu antojo indulgente entre semana', '52.5 g c/u', 6, 'https://i5-mx.walmartimages.com/samsmx/images/product-images/img_large/981018429l.jpg?odnHeight=612&odnWidth=612&odnBg=FFFFFF?odnHeight=612&odnWidth=612&odnBg=FFFFFF', 'https://i5-mx.walmartimages.com/samsmx/images/product-images/img_large/981018429-1l.jpg?odnHeight=612&odnWidth=612&odnBg=FFFFFF?odnHeight=612&odnWidth=612&odnBg=FFFFFF', 'https://i5-mx.walmartimages.com/samsmx/images/product-images/img_large/981018429-2l.jpg?odnHeight=612&odnWidth=612&odnBg=FFFFFF?odnHeight=612&odnWidth=612&odnBg=FFFFFF', 100.00, 80.79, 2000),
('Harina de Trigo', 'Harina de Trigo Los Gallos', 'La harina de trigo de Los Gallos es una de las opciones que más se adaptan a las necesidades de los establecimientos que se dedican a elaborar diferentes tipos de recetas de cocina.', '25 kg', 6, 'https://i5-mx.walmartimages.com/samsmx/images/product-images/img_large/981020655l.jpg?odnHeight=612&odnWidth=612&odnBg=FFFFFF?odnHeight=612&odnWidth=612&odnBg=FFFFFF', 'https://i5-mx.walmartimages.com/samsmx/images/product-images/img_large/981020655-1l.jpg?odnHeight=612&odnWidth=612&odnBg=FFFFFF?odnHeight=612&odnWidth=612&odnBg=FFFFFF', 'https://i5-mx.walmartimages.com/samsmx/images/product-images/img_large/981020655-2l.jpg?odnHeight=612&odnWidth=612&odnBg=FFFFFF?odnHeight=612&odnWidth=612&odnBg=FFFFFF', 500.00, 455.23, 2000),
('Minimuerto', 'Minimuerto 15 pzas', 'Quince piezas de mini pan de muerto', 'No se venden por separado, solo en paquete', 6, 'https://i5-mx.walmartimages.com/samsmx/images/product-images/img_large/000155139l.jpg?odnHeight=612&odnWidth=612&odnBg=FFFFFF?odnHeight=612&odnWidth=612&odnBg=FFFFFF', 'https://i5-mx.walmartimages.com/samsmx/images/product-images/img_large/000155139-1l.jpg?odnHeight=612&odnWidth=612&odnBg=FFFFFF?odnHeight=612&odnWidth=612&odnBg=FFFFFF', 'https://i5-mx.walmartimages.com/samsmx/images/product-images/img_large/000155139-2l.jpg?odnHeight=612&odnWidth=612&odnBg=FFFFFF?odnHeight=612&odnWidth=612&odnBg=FFFFFF', 110.00, 101.26, 50);

INSERT INTO usuarios (email, password, first_name, last_name, address, addInfo, phone_number)
VALUES
('diego.quijada03@gmail.com', '1234', '', '', '', '', ''),

('maria.gomez@example.com', 'password123', 'Maria', 'Gomez', 'Avenida Siempre Viva 742', 'Apartamento 5B', '0987654321'),

('juan.perez@example.com', 'securepass', 'Juan', 'Perez', 'Calle de la Amargura 666', 'Casa con puerta roja', '1122334455'),

('ana.lopez@example.com', 'mypassword', 'Ana', 'Lopez', 'Boulevard de los Sueños Rotos 123', 'Piso 3, puerta 2', '2233445566'),

('carlos.martinez@example.com', 'pass1234', 'Carlos', 'Martinez', 'Calle del Olvido 456', 'Casa con jardín', '3344556677');
