INSERT INTO categorias (id, nombre_categoria)
VALUES
(1, 'Fresh Produce'),

(2, 'Dairy & Eggs'),

(3, 'Meat & Seafood'),

(4, 'Pantry Essentials'),

(5, 'Snacks & Beverages'),

(6, 'Bakery & Pastries');

INSERT INTO productos (nombre, overview, descripcion, datos_adicionales, categorias, link_imagen1, link_imagen2, link_imagen3, precio_antes_descuento, precio_despues_descuento, stock_disponible)
VALUES
('Bananas', 'Fresh ripe bananas', 'Yellow bananas, perfect for snacks or smoothies.', 'Sold in KG', 1, 'https://encrypted-tbn0.gstatic.com/images?q=tbn:ANd9GcRsnb1otNciSVf-Q-1nvo5Bfw-tXZAxR4rsnA&s', 'https://encrypted-tbn0.gstatic.com/images?q=tbn:ANd9GcRsnb1otNciSVf-Q-1nvo5Bfw-tXZAxR4rsnA&s', 'https://encrypted-tbn0.gstatic.com/images?q=tbn:ANd9GcRsnb1otNciSVf-Q-1nvo5Bfw-tXZAxR4rsnA&s', 2.50, 1.99, 100),

('Bananas', 'Fresh ripe bananas', 'Yellow bananas, perfect for snacks or smoothies.', 'Sold in KG', 1, 'https://encrypted-tbn0.gstatic.com/images?q=tbn:ANd9GcRsnb1otNciSVf-Q-1nvo5Bfw-tXZAxR4rsnA&s', 'https://encrypted-tbn0.gstatic.com/images?q=tbn:ANd9GcRsnb1otNciSVf-Q-1nvo5Bfw-tXZAxR4rsnA&s', 'https://encrypted-tbn0.gstatic.com/images?q=tbn:ANd9GcRsnb1otNciSVf-Q-1nvo5Bfw-tXZAxR4rsnA&s', 2.50, 1.99, 100),

('Bananas', 'Fresh ripe bananas', 'Yellow bananas, perfect for snacks or smoothies.', 'Sold in KG', 1, 'https://encrypted-tbn0.gstatic.com/images?q=tbn:ANd9GcRsnb1otNciSVf-Q-1nvo5Bfw-tXZAxR4rsnA&s', 'https://encrypted-tbn0.gstatic.com/images?q=tbn:ANd9GcRsnb1otNciSVf-Q-1nvo5Bfw-tXZAxR4rsnA&s', 'https://encrypted-tbn0.gstatic.com/images?q=tbn:ANd9GcRsnb1otNciSVf-Q-1nvo5Bfw-tXZAxR4rsnA&s', 2.50, 1.99, 100),

('Bananas', 'Fresh ripe bananas', 'Yellow bananas, perfect for snacks or smoothies.', 'Sold in KG', 1, 'https://encrypted-tbn0.gstatic.com/images?q=tbn:ANd9GcRsnb1otNciSVf-Q-1nvo5Bfw-tXZAxR4rsnA&s', 'https://encrypted-tbn0.gstatic.com/images?q=tbn:ANd9GcRsnb1otNciSVf-Q-1nvo5Bfw-tXZAxR4rsnA&s', 'https://encrypted-tbn0.gstatic.com/images?q=tbn:ANd9GcRsnb1otNciSVf-Q-1nvo5Bfw-tXZAxR4rsnA&s', 2.50, 1.99, 100),

('Bananas', 'Fresh ripe bananas', 'Yellow bananas, perfect for snacks or smoothies.', 'Sold in KG', 1, 'https://encrypted-tbn0.gstatic.com/images?q=tbn:ANd9GcRsnb1otNciSVf-Q-1nvo5Bfw-tXZAxR4rsnA&s', 'https://encrypted-tbn0.gstatic.com/images?q=tbn:ANd9GcRsnb1otNciSVf-Q-1nvo5Bfw-tXZAxR4rsnA&s', 'https://encrypted-tbn0.gstatic.com/images?q=tbn:ANd9GcRsnb1otNciSVf-Q-1nvo5Bfw-tXZAxR4rsnA&s', 2.50, 1.99, 100),

('Bananas', 'Fresh ripe bananas', 'Yellow bananas, perfect for snacks or smoothies.', 'Sold in KG', 1, 'https://encrypted-tbn0.gstatic.com/images?q=tbn:ANd9GcRsnb1otNciSVf-Q-1nvo5Bfw-tXZAxR4rsnA&s', 'https://encrypted-tbn0.gstatic.com/images?q=tbn:ANd9GcRsnb1otNciSVf-Q-1nvo5Bfw-tXZAxR4rsnA&s', 'https://encrypted-tbn0.gstatic.com/images?q=tbn:ANd9GcRsnb1otNciSVf-Q-1nvo5Bfw-tXZAxR4rsnA&s', 2.50, 1.99, 100),

('Bananas', 'Fresh ripe bananas', 'Yellow bananas, perfect for snacks or smoothies.', 'Sold in KG', 1, 'https://encrypted-tbn0.gstatic.com/images?q=tbn:ANd9GcRsnb1otNciSVf-Q-1nvo5Bfw-tXZAxR4rsnA&s', 'https://encrypted-tbn0.gstatic.com/images?q=tbn:ANd9GcRsnb1otNciSVf-Q-1nvo5Bfw-tXZAxR4rsnA&s', 'https://encrypted-tbn0.gstatic.com/images?q=tbn:ANd9GcRsnb1otNciSVf-Q-1nvo5Bfw-tXZAxR4rsnA&s', 2.50, 1.99, 100),

('Bananas', 'Fresh ripe bananas', 'Yellow bananas, perfect for snacks or smoothies.', 'Sold in KG', 1, 'https://png.pngtree.com/png-vector/20240612/ourmid/pngtree-fresh-golden-bananas-against-a-see-through-backdrop-png-image_12709292.png', 'https://png.pngtree.com/png-vector/20240612/ourmid/pngtree-fresh-golden-bananas-against-a-see-through-backdrop-png-image_12709292.png', 'https://png.pngtree.com/png-vector/20240612/ourmid/pngtree-fresh-golden-bananas-against-a-see-through-backdrop-png-image_12709292.png', 100.00, 99.99, 100),

('Chicken Breast', 'Boneless, skinless chicken breasts', 'Lean protein, great for grilling or baking.', 'Packaged in 500g portions', 2, 'placeholder', 'placeholder', 'placeholder', 6.99, 5.49, 50),

('Tomatoes', 'Fresh tomatoes', 'Juicy red tomatoes, ideal for salads.', 'Sold in KG', 1, 'placeholder', 'placeholder', 'placeholder', 3.00, 2.50, 80),

('Milk', 'Whole milk', 'Rich and creamy whole milk.', '1L carton', 3, 'placeholder', 'placeholder', 'placeholder', 1.20, 0.99, 200),

('Pasta', 'Dry spaghetti pasta', 'Classic Italian pasta, perfect for a variety of dishes.', '500g pack', 4, 'placeholder', 'placeholder', 'placeholder', 1.50, 1.20, 150);

INSERT INTO usuarios (email, password, first_name, last_name, address, addInfo, phone_number)
VALUES
('diego.quijada03@gmail.com', '1234', '', '', '', '', ''),

('maria.gomez@example.com', 'password123', 'Maria', 'Gomez', 'Avenida Siempre Viva 742', 'Apartamento 5B', '0987654321'),

('juan.perez@example.com', 'securepass', 'Juan', 'Perez', 'Calle de la Amargura 666', 'Casa con puerta roja', '1122334455'),

('ana.lopez@example.com', 'mypassword', 'Ana', 'Lopez', 'Boulevard de los Sueños Rotos 123', 'Piso 3, puerta 2', '2233445566'),

('carlos.martinez@example.com', 'pass1234', 'Carlos', 'Martinez', 'Calle del Olvido 456', 'Casa con jardín', '3344556677');
